eventname,EventLongName,EventShortName,LocalisedEventLongName,countrycode,seriesid,EventLocation,geometry
stpeters,St Peters parkrun,St Peters,,3,1,"Sydney Park, St Peters, Sydney",POINT (151.18219 -33.907658)
albertmelbourne,"Albert parkrun, Melbourne",Albert Melbourne,,3,1,"Albert Park, Melbourne, Australia",POINT (144.96312 -37.843521)
newfarm,New Farm parkrun,New Farm,,3,1,"New Farm, Brisbane",POINT (153.051636 -27.471134)
mainbeach,Main Beach parkrun,Main Beach,,3,1,"Main Beach, Goldcoast",POINT (153.428879 -27.972706)
kirra,Kirra parkrun,Kirra,,3,1,"Kirra Beach, Gold Coast QLD, Australia",POINT (153.522781 -28.166758)
newy,Newy parkrun,Newy,,3,1,"50a Tully St, Carrington, Newcastle NSW",POINT (151.76144 -32.914566)
ginninderra,Ginninderra parkrun,Ginninderra,,3,1,John Knight Memorial Park,POINT (149.073486 -35.234051)
coomera,Coomera parkrun,Coomera,,3,1,Tallowwood Park,POINT (153.281709 -27.885247)
balyangsanctuary,Balyang Sanctuary parkrun,Balyang Sanctuary,,3,1,Balyang Sanctuary,POINT (144.331179 -38.166457)
parramatta,Parramatta parkrun,Parramatta,,3,1,George Kendell Riverside Park,POINT (151.065488 -33.819767)
claisebrookcove,Claisebrook Cove parkrun,Claisebrook Cove,,3,1,Claisebrook Cove,POINT (115.881884 -31.950868)
wynnum,Wynnum parkrun,Wynnum,,3,1,"Wynnum Manly Foreshore, QLD",POINT (153.177898 -27.442933)
curlcurl,Curl Curl parkrun,Curl Curl,,3,1,John Fisher Park,POINT (151.282339 -33.766483)
northlakes,North Lakes parkrun,North Lakes,,3,1,"Eden Lake, North Lakes, Queensland",POINT (153.020729 -27.23669)
kingscliff,Kingscliff parkrun,Kingscliff,,3,1,"Bells Boulevard, SALT Village, Kingsclif",POINT (153.578901 -28.277477)
kawana,Kawana parkrun,Kawana,,3,1,Kawana Surf Club,POINT (153.135488 -26.702046)
riverway,Riverway parkrun,Riverway,,3,1,Riverway Lagoon,POINT (146.73018 -19.320306)
sandgate,Sandgate parkrun,Sandgate,,3,1,Arthur Davis Park,POINT (153.068234 -27.311291)
southbank,South Bank parkrun,South Bank,,3,1,South Bank Parklands,POINT (153.023962 -27.478872)
risdonbrook,Risdon Brook parkrun,Risdon Brook,,3,1,Risdon Brook Park,POINT (147.332352 -42.804471)
torrens,Torrens parkrun,Torrens,,3,1,Torrens Lake Weir,POINT (138.587444 -34.917551)
launceston,Launceston parkrun,Launceston,,3,1,"Inveresk Precinct, Launceston, Tasmania",POINT (147.14088 -41.425512)
rockingham,Rockingham parkrun,Rockingham,,3,1,Rockingham,POINT (115.728757 -32.275296)
darwin,Darwin parkrun,Darwin,,3,1,Bicentennial Park,POINT (130.840725 -12.466925)
lakemac,Lake Mac parkrun,Lake Mac,,3,1,Lake Macquarie,POINT (151.612487 -32.972596)
varsitylakes,Varsity Lakes parkrun,Varsity Lakes,,3,1,Varsity Lakes,POINT (153.410554 -28.084627)
fingalbay,Fingal Bay parkrun,Fingal Bay,,3,1,Fingal Bay,POINT (152.170644 -32.742887)
canningriver,Canning River parkrun,Canning River,,3,1,Canning River Regional Park,POINT (115.92266 -32.020912)
shepparton,Shepparton parkrun,Shepparton,,3,1,Victoria Park Lake,POINT (145.396146 -36.390858)
toowoomba,Toowoomba parkrun,Toowoomba,,3,1,Queens Park,POINT (151.963926 -27.56019)
mitchelton,Mitchelton parkrun,Mitchelton,,3,1,Teralba Park,POINT (152.979298 -27.404423)
warrnambool,Warrnambool parkrun,Warrnambool,,3,1,Warrnambool,POINT (142.47937 -38.392862)
noosa,Noosa parkrun,Noosa,,3,1,Noosaville,POINT (153.030388 -26.40872)
tuggeranong,Tuggeranong parkrun,Tuggeranong,,3,1,Lake Tuggeranong,POINT (149.064989 -35.410284)
bunbury,Bunbury parkrun,Bunbury,,3,1,Big Swamp Wildlife Park,POINT (115.633228 -33.342966)
loganriver,Logan River parkrun,Logan River,,3,1,Logan River parklands,POINT (153.192024 -27.698831)
mountbarker,Mount Barker parkrun,Mount Barker,,3,1,Mount Barker Homemaker Centre,POINT (138.867869 -35.069655)
aveley,Aveley parkrun,Aveley,,3,1,Central Park,POINT (115.988052 -31.789954)
lakejoondalup,Lake Joondalup parkrun,Lake Joondalup,,3,1,Neil Hawkins Park,POINT (115.777144 -31.744138)
sandonpoint,Sandon Point parkrun,Sandon Point,,3,1,Sandon Point,POINT (150.924554 -34.333372)
northshore,North Shore parkrun,North Shore,,3,1,North Shore,POINT (146.70074 -19.252326)
northwollongong,North Wollongong parkrun,North Wollongong,,3,1,Fairy Meadow Beach,POINT (150.904866 -34.395977)
ipswichqld,Ipswich QLD parkrun,Ipswich QLD,,3,1,Bill Patterson Oval,POINT (152.764292 -27.625421)
batemansbay,Batemans Bay parkrun,Batemans Bay,,3,1,Batemans Bay,POINT (150.185995 -35.712112)
gungahlin,Gungahlin parkrun,Gungahlin,,3,1,Yerrabi Pond,POINT (149.129405 -35.178952)
tamworth,Tamworth parkrun,Tamworth,,3,1,Tamworth,POINT (150.936905 -31.099559)
airliebeach,Airlie Beach parkrun,Airlie Beach,,3,1,Coral Sea Marina,POINT (148.711122 -20.267153)
wynyardforeshore,Wynyard Foreshore parkrun,Wynyard Foreshore,,3,1,East Wynyard Foreshore,POINT (145.738245 -40.98771)
kalgoorlieboulder,Kalgoorlie-Boulder parkrun,Kalgoorlie-Boulder,,3,1,Karlkurla Bushland Park,POINT (121.456625 -30.718868)
gatton,Gatton parkrun,Gatton,,3,1,Lake Apex,POINT (152.270476 -27.570426)
cairns,Cairns parkrun,Cairns,,3,1,Cairns Esplanade,POINT (145.763211 -16.904574)
highlands,Highlands parkrun,Highlands,,3,1,Stocklandâ€™s Highlands community,POINT (144.903713 -37.59106)
devonport,Devonport parkrun,Devonport,,3,1,Mersey Bluff,POINT (146.356321 -41.162847)
cleveland,Cleveland parkrun,Cleveland,,3,1,Cleveland,POINT (153.274298 -27.539355)
gladstoneqld,Gladstone QLD parkrun,Gladstone QLD,,3,1,Lions Park,POINT (151.238458 -23.871873)
rocksriverside,Rocks Riverside parkrun,Rocks Riverside,,3,1,Rocks Riverside Park,POINT (152.959235 -27.542633)
nulkaba,Nulkaba parkrun,Nulkaba,,3,1,St Phillips Christian College,POINT (151.352856 -32.794952)
hastingsforeshore,Hastings Foreshore parkrun,Hastings Foreshore,,3,1,Hastings Foreshore,POINT (145.196651 -38.307311)
bunyaville,Bunyaville parkrun,Bunyaville,,3,1,James Drysdale Recreational Conservation Centre,POINT (152.949138 -27.377306)
inverell,Inverell parkrun,Inverell,,3,1,Campbell Park,POINT (151.10897 -29.77388)
mosman,Mosman parkrun,Mosman,,3,1,Spit West Reserve,POINT (151.245989 -33.806252)
armidale,Armidale parkrun,Armidale,,3,1,SportUNE,POINT (151.639419 -30.491998)
diamondcreek,Diamond Creek parkrun,Diamond Creek,,3,1,Marngrook Oval,POINT (145.153249 -37.673576)
warwick,Warwick parkrun,Warwick,,3,1,Condamine River,POINT (152.038465 -28.209605)
oceangrove,Ocean Grove parkrun,Ocean Grove,,3,1,Barwon Estuary Picnic Area,POINT (144.512783 -38.267313)
bargara,Bargara parkrun,Bargara,,3,1,Nielson Park,POINT (152.456905 -24.806914)
bathurst,Bathurst parkrun,Bathurst,,3,1,Bicentennial Park,POINT (149.586917 -33.414176)
portmacquarie,Port Macquarie parkrun,Port Macquarie,,3,1,Port Macquarie,POINT (152.916551 -31.42754)
blackbutt,Blackbutt parkrun,Blackbutt,,3,1,Richley Recreation Reserve,POINT (151.699755 -32.932526)
emerald,Emerald parkrun,Emerald,,3,1,Botanical Gardens,POINT (148.164253 -23.531435)
berwicksprings,Berwick Springs parkrun,Berwick Springs,,3,1,Berwick Springs Promenade,POINT (145.322932 -38.062069)
pointcook,Point Cook parkrun,Point Cook,,3,1,Arndell Park Community Centre,POINT (144.72952 -37.862086)
rockhampton,Rockhampton parkrun,Rockhampton,,3,1,Botanic Gardens,POINT (150.491432 -23.400579)
dalby,Dalby parkrun,Dalby,,3,1,Dalby,POINT (151.262339 -27.188036)
westerfolds,Westerfolds parkrun,Westerfolds,,3,1,Westerfolds Park,POINT (145.133986 -37.746092)
mudgeeraba,Mudgeeraba parkrun,Mudgeeraba,,3,1,Darcy Doyle Park,POINT (153.364098 -28.086682)
alburywodonga,Albury Wodonga parkrun,Albury Wodonga,,3,1,Hovell Tree Park,POINT (146.88886 -36.0873)
mackay,Mackay parkrun,Mackay,,3,1,Mackay Botanic Gardens,POINT (149.155797 -21.152238)
roma,Roma parkrun,Roma,,3,1,Roma,POINT (148.789054 -26.567166)
maitland,Maitland parkrun,Maitland,,3,1,Walka Recreation & Wildlife Reserve,POINT (151.552845 -32.714435)
torquay,Torquay parkrun,Torquay,,3,1,Fishermans Beach,POINT (144.326903 -38.327281)
lakesentrance,Lakes Entrance parkrun,Lakes Entrance,,3,1,"Lakes Entrance Rotunda, Memorial Park",POINT (147.994104 -37.879944)
herveybay,Hervey Bay parkrun,Hervey Bay,,3,1,Lions Park,POINT (152.90367 -25.283163)
bluegumhills,Blue Gum Hills parkrun,Blue Gum Hills,,3,1,Blue Gum Hills Regional Park,POINT (151.620206 -32.884131)
minnippi,Minnippi parkrun,Minnippi,,3,1,Meadowfields Road,POINT (153.118679 -27.49331)
mountgambier,Mount Gambier parkrun,Mount Gambier,,3,1,Blue Lake Reserve,POINT (140.777854 -37.84289)
calamvale,Calamvale parkrun,Calamvale,,3,1,Calamvale District Park,POINT (153.039287 -27.620775)
stanthorpe,Stanthorpe parkrun,Stanthorpe,,3,1,Gleeson Park,POINT (151.931781 -28.65183)
lillydalelake,Lillydale Lake parkrun,Lillydale Lake,,3,1,Lilydale Lake,POINT (145.357071 -37.766218)
goldenbeach,Golden Beach parkrun,Golden Beach,,3,1,Woorim Park,POINT (153.120795 -26.829014)
lakeview,Lakeview parkrun,Lakeview,,3,1,The Shores Way,POINT (151.642302 -33.030093)
singleton,Singleton parkrun,Singleton,,3,1,Rose Point Park,POINT (151.160776 -32.565281)
yamba,Yamba parkrun,Yamba,,3,1,Ford Park,POINT (153.357271 -29.435742)
cooksriver,Cooks River parkrun,Cooks River,,3,1,Saint Mary Mackillop Reserve,POINT (151.116857 -33.913708)
quinnsrocks,Quinns Rocks parkrun,Quinns Rocks,,3,1,Quinns Rocks,POINT (115.69588 -31.679025)
coffsharbour,Coffs Harbour parkrun,Coffs Harbour,,3,1,Park Beach Reserve,POINT (153.1376 -30.295687)
manjimup,Manjimup parkrun,Manjimup,,3,1,Manjimup Homemaker Centre,POINT (116.179615 -34.227785)
campbelltown,Campbelltown parkrun,Campbelltown,,3,1,Hurricane Drive,POINT (150.814819 -34.018301)
sale,Sale parkrun,Sale,,3,1,Sale Botanic Gardens,POINT (147.078273 -38.114103)
queanbeyan,Queanbeyan parkrun,Queanbeyan,,3,1,Queanbeyan,POINT (149.238801 -35.348151)
pioneer,Pioneer parkrun,Pioneer,,3,1,Pioneer Park,POINT (116.001509 -32.066125)
tamborinemountain,Tamborine Mountain parkrun,Tamborine Mountain,,3,1,Tamborine Mountain Sports Complex,POINT (153.193434 -27.941377)
penrithlakes,Penrith Lakes parkrun,Penrith Lakes,,3,1,Sydney International Regatta Centre,POINT (150.685741 -33.725922)
kenningtonreservoir,Kennington Reservoir parkrun,Kennington Reservoir,,3,1,Kennington Reservoir,POINT (144.312232 -36.772141)
yeppoon,Yeppoon parkrun,Yeppoon,,3,1,Yeppoon,POINT (150.739086 -23.128177)
rousehill,Rouse Hill parkrun,Rouse Hill,,3,1,Rouse Hill Regional Park,POINT (150.911109 -33.679301)
stonescorner,Stones Corner parkrun,Stones Corner,,3,1,Hanlon Park,POINT (153.042469 -27.498722)
wishart,Wishart parkrun,Wishart,,3,1,Wishart Community Park,POINT (153.103468 -27.560975)
victorharbor,Victor Harbor parkrun,Victor Harbor,,3,1,Victor Harbor,POINT (138.611096 -35.565657)
mtpenang,Mt Penang parkrun,Mt Penang,,3,1,Mt Penang Parklands,POINT (151.293178 -33.426328)
cottesloe,Cottesloe parkrun,Cottesloe,,3,1,Marine Parade,POINT (115.75182 -32.006479)
mountisa,Mount Isa parkrun,Mount Isa,,3,1,Tharrapatha Way,POINT (139.492772 -20.702319)
yarrabilba,Yarrabilba parkrun,Yarrabilba,,3,1,Darlington Parklands,POINT (153.10409 -27.80288)
maribyrnong,Maribyrnong parkrun,Maribyrnong,,3,1,Maribyrnong,POINT (144.897858 -37.770632)
pittsworth,Pittsworth parkrun,Pittsworth,,3,1,Pittsworth,POINT (151.641106 -27.712352)
lawson,Lawson parkrun,Lawson,,3,1,North Lawson Park,POINT (150.426901 -33.713629)
carineglades,Carine Glades parkrun,Carine Glades,,3,1,Carine Regional Open Space,POINT (115.789061 -31.853621)
hamilton,Hamilton parkrun,Hamilton,,3,1,Lake Hamilton,POINT (142.040024 -37.737592)
centrallakes,Central Lakes parkrun,Central Lakes,,3,1,Central Lakes Drive,POINT (152.973187 -27.07755)
pakenham,Pakenham parkrun,Pakenham,,3,1,Pakenham,POINT (145.463839 -38.06462)
capalaba,Capalaba parkrun,Capalaba,,3,1,Capalaba Regional Park,POINT (153.186858 -27.521405)
mudgee,Mudgee parkrun,Mudgee,,3,1,Mudgee,POINT (149.586719 -32.589229)
wangaratta,Wangaratta parkrun,Wangaratta,,3,1,Apex Park,POINT (146.329944 -36.351774)
broadbeachwaters,Broadbeach Waters parkrun,Broadbeach Waters,,3,1,Monaco Street,POINT (153.412292 -28.018497)
toolerncreek,Toolern Creek parkrun,Toolern Creek,,3,1,Toolern Creek Park,POINT (144.583229 -37.714776)
redcliffe,Redcliffe parkrun,Redcliffe,,3,1,"Suttons Beach Park, Marine Parade",POINT (153.114827 -27.235456)
froghollow,Frog Hollow parkrun,Frog Hollow,,3,1,David Collins Drive,POINT (145.273622 -37.991559)
shellharbour,Shellharbour parkrun,Shellharbour,,3,1,Killalea Drive,POINT (150.862868 -34.602608)
berrinba,Berrinba parkrun,Berrinba,,3,1,Berrinba Wetlands,POINT (153.077193 -27.665606)
inverloch,Inverloch parkrun,Inverloch,,3,1,Rotary Centenary Park,POINT (145.719625 -38.639515)
stlucia,St Lucia parkrun,St Lucia,,3,1,University of Queensland,POINT (153.017796 -27.495122)
geographebay,Geographe Bay parkrun,Geographe Bay,,3,1,Geographe Bay Rd,POINT (115.354374 -33.642342)
mtclarence,Mt Clarence parkrun,Mt Clarence,,3,1,Flinders Parade,POINT (117.916528 -35.025659)
bibralake,Bibra Lake parkrun,Bibra Lake,,3,1,Bibra Lake Reserve,POINT (115.820636 -32.093955)
chermside,Chermside parkrun,Chermside,,3,1,"Kidspace Playground, 7th Brigade Park",POINT (153.033507 -27.37896)
dawesville,Dawesville parkrun,Dawesville,,3,1,Dawesville Foreshore Reserve,POINT (115.640914 -32.625918)
cronulla,Cronulla parkrun,Cronulla,,3,1,Don Lucas Reserve,POINT (151.161836 -34.040937)
lismore,Lismore parkrun,Lismore,,3,1,Riverside Park,POINT (153.270029 -28.812589)
cowra,Cowra parkrun,Cowra,,3,1,Cowra,POINT (148.703733 -33.812714)
portaugusta,Port Augusta parkrun,Port Augusta,,3,1,Eastside Foreshore (underneath the Joy Baluch),POINT (137.764721 -32.4874)
atherton,Atherton parkrun,Atherton,,3,1,Atherton Tablelands railtrail,POINT (145.471686 -17.275414)
stockton,Stockton parkrun,Stockton,,3,1,Stockton,POINT (151.78442 -32.919273)
huskisson,Huskisson parkrun,Huskisson,,3,1,Huskisson White Sands Park,POINT (150.677109 -35.049429)
parkville,Parkville parkrun,Parkville,,3,1,Princes Park,POINT (144.961755 -37.784837)
moora,Moora parkrun,Moora,,3,1,Apex Park,POINT (116.004276 -30.638892)
brightwater,Brightwater parkrun,Brightwater,,3,1,Brightwater Sports Ground,POINT (153.106718 -26.709852)
brimbank,Brimbank parkrun,Brimbank,,3,1,Brimbank Park,POINT (144.834123 -37.727547)
coburg,Coburg parkrun,Coburg,,3,1,Coburg Lake Reserve,POINT (144.968861 -37.733811)
traralgon,Traralgon parkrun,Traralgon,,3,1,Agnes Brereton Park,POINT (146.53648 -38.189632)
warnerlakes,Warner Lakes parkrun,Warner Lakes,,3,1,Dragonfly Park,POINT (152.955385 -27.306906)
narrabri,Narrabri parkrun,Narrabri,,3,1,Narrabri West Lake,POINT (149.755908 -30.33885)
thebeaches,The Beaches parkrun,The Beaches,,3,1,Dixon Park Beach boat ramp,POINT (151.760065 -32.946293)
warragul,Warragul parkrun,Warragul,,3,1,Brooker Park,POINT (145.932929 -38.151043)
taree,Taree parkrun,Taree,,3,1,Endeavour Place Reserve,POINT (152.468625 -31.910271)
dubbo,Dubbo parkrun,Dubbo,,3,1,Dubbo,POINT (148.591034 -32.256257)
menai,Menai parkrun,Menai,,3,1,Parc Menai,POINT (151.015082 -34.016364)
gawler,Gawler parkrun,Gawler,,3,1,Clonlea Reserve,POINT (138.750027 -34.590841)
kununurra,Kununurra parkrun,Kununurra,,3,1,Swim Beach Park,POINT (128.700113 -15.791571)
billrosesportscomplex,Bill Rose Sports Complex parkrun,Bill Rose Sports Complex,,3,1,Bill Rose Sports Complex,POINT (150.856114 -32.054009)
maryborough,Maryborough parkrun,Maryborough,,3,1,Anzac Park/Ululah Lagoon,POINT (152.686507 -25.533689)
goulburn,Goulburn parkrun,Goulburn,,3,1,Marsden Weir Park,POINT (149.706096 -34.736445)
mansfieldbotanic,Mansfield Botanic parkrun,Mansfield Botanic,,3,1,Mansfield Botanic Park,POINT (146.093889 -37.052419)
goondiwindi,Goondiwindi parkrun,Goondiwindi,,3,1,Goondiwindi,POINT (150.307043 -28.54951)
jells,Jells parkrun,Jells,,3,1,Jells Park,POINT (145.193976 -37.897912)
chippingnorton,Chipping Norton parkrun,Chipping Norton,,3,1,Black Muscat Park,POINT (150.964108 -33.909244)
mawsonlakes,Mawson Lakes parkrun,Mawson Lakes,,3,1,Mawson Lakes,POINT (138.616733 -34.81134)
clarevalley,Clare Valley parkrun,Clare Valley,,3,1,Clare Showgrounds,POINT (138.625011 -33.866335)
lancefield,Lancefield parkrun,Lancefield,,3,1,Lancefield Park,POINT (144.724258 -37.279321)
forestlake,Forest Lake parkrun,Forest Lake,,3,1,Forest Lake Sports Fields,POINT (152.967745 -27.61964)
hamiltonisland,Hamilton Island parkrun,Hamilton Island,,3,1,Hamilton Island,POINT (148.95513 -20.345551)
phillipisland,Phillip Island parkrun,Phillip Island,,3,1,Churchill Island,POINT (145.340674 -38.498822)
theponds,The Ponds parkrun,The Ponds,,3,1,The Ponds Community Hub,POINT (150.909187 -33.705952)
altonabeach,Altona Beach parkrun,Altona Beach,,3,1,Apex Park,POINT (144.811911 -37.875236)
rhodes,Rhodes parkrun,Rhodes,,3,1,West Concord,POINT (151.081803 -33.847462)
castlemaine,Castlemaine parkrun,Castlemaine,,3,1,Castlemaine Botanical Gardens,POINT (144.217649 -37.050794)
ashgrove,Ashgrove parkrun,Ashgrove,,3,1,Ashgrove Sportsground,POINT (152.972975 -27.442334)
bega,Bega parkrun,Bega,,3,1,Bega Racecourse,POINT (149.852269 -36.668409)
lochiel,Lochiel parkrun,Lochiel,,3,1,Geoff Health Golf,POINT (138.649251 -34.880815)
championlakes,Champion Lakes parkrun,Champion Lakes,,3,1,Champion Lakes,POINT (115.999535 -32.106314)
petrie,Petrie parkrun,Petrie,,3,1,Sweeney Reserve,POINT (152.974425 -27.273406)
paradisepoint,Paradise Point parkrun,Paradise Point,,3,1,Paradise Point,POINT (153.396218 -27.885082)
grafton,Grafton parkrun,Grafton,,3,1,Barnier Park,POINT (152.920487 -29.643847)
surfersparadise,Surfers Paradise parkrun,Surfers Paradise,,3,1,HOTA - Home of the Arts,POINT (153.417365 -28.000737)
highfields,Highfields parkrun,Highfields,,3,1,Kratzke Oval,POINT (151.938702 -27.453643)
nambour,Nambour parkrun,Nambour,,3,1,Parklands Regional Park,POINT (152.973543 -26.594251)
wyndhamvale,Wyndham Vale parkrun,Wyndham Vale,,3,1,Presidents Park,POINT (144.634532 -37.881655)
theterrace,The Terrace parkrun,The Terrace,,3,1,Riverside Park,POINT (151.738939 -32.761601)
woodbridgeriverside,Woodbridge Riverside parkrun,Woodbridge Riverside,,3,1,Woodbridge Riverside Park,POINT (115.99131 -31.887528)
sirromet,Sirromet parkrun,Sirromet,,3,1,Sirromet Wines,POINT (153.230817 -27.593935)
panania,Panania parkrun,Panania,,3,1,Field of Dreams Reserve,POINT (150.993483 -33.945673)
churchill,Churchill parkrun,Churchill,,3,1,Eel Hole Creek,POINT (146.422465 -38.312871)
bairnsdale,Bairnsdale parkrun,Bairnsdale,,3,1,Bairnsdale,POINT (147.632774 -37.823487)
studley,Studley parkrun,Studley,,3,1,Studley Park Boathouse,POINT (145.008858 -37.80083)
maylandspeninsula,Maylands Peninsula parkrun,Maylands Peninsula,,3,1,Clarkson Reserve,POINT (115.915089 -31.947167)
kedron,Kedron parkrun,Kedron,,3,1,Kedron,POINT (153.046297 -27.406927)
lalor,Lalor parkrun,Lalor,,3,1,Whittlesea Public Gardens,POINT (144.985422 -37.668084)
theentrance,The Entrance parkrun,The Entrance,,3,1,Picnic Point Reserve,POINT (151.493202 -33.338401)
portland,Portland parkrun,Portland,,3,1,Fawthrop Lagoon,POINT (141.60446 -38.354785)
cobram,Cobram parkrun,Cobram,,3,1,Thompsons Beach,POINT (145.668554 -35.913461)
westbeach,West Beach parkrun,West Beach,,3,1,Harold and Cynthia reserve,POINT (138.499643 -34.939218)
burleygriffin,Burley Griffin parkrun,Burley Griffin,,3,1,Weston Park,POINT (149.088585 -35.292148)
bowen,Bowen parkrun,Bowen,,3,1,Bowen,POINT (148.257052 -19.985467)
strathalbyn,Strathalbyn parkrun,Strathalbyn,,3,1,Rotary Park,POINT (138.89303 -35.258681)
renmark,Renmark parkrun,Renmark,,3,1,Renmark Riverfront,POINT (140.751235 -34.17425)
wagga,Wagga parkrun,Wagga,,3,1,Apex Park,POINT (147.378216 -35.170935)
meadowbrook,Meadowbrook parkrun,Meadowbrook,,3,1,Riverdale Park,POINT (153.155785 -27.673493)
wauchope,Wauchope parkrun,Wauchope,,3,1,Rocks Ferry Reserve,POINT (152.744034 -31.452159)
weipa,Weipa parkrun,Weipa,,3,1,Weipa,POINT (141.865454 -12.64068)
youyangs,You Yangs parkrun,You Yangs,,3,1,You Yangs Regional Park,POINT (144.40047 -37.953582)
christiesbeach,Christies Beach parkrun,Christies Beach,,3,1,Christies Beach,POINT (138.46916 -35.135628)
chelseabicentennial,Chelsea Bicentennial parkrun,Chelsea Bicentennial,,3,1,Chelsea Bicentennial Park,POINT (145.12656 -38.049247)
wilsonbotanic,Wilson Botanic parkrun,Wilson Botanic,,3,1,Wilson Botanic Park,POINT (145.339808 -38.026521)
moree,Moree parkrun,Moree,,3,1,Moree,POINT (149.843183 -29.46707)
palmerston,Palmerston parkrun,Palmerston,,3,1,Palmerston Water Park,POINT (130.982607 -12.475829)
orange,Orange parkrun,Orange,,3,1,Gosling Creek Reserve,POINT (149.089749 -33.325825)
shelley,Shelley parkrun,Shelley,,3,1,Shelley Foreshore,POINT (115.881886 -32.028968)
galston,Galston parkrun,Galston,,3,1,Fagan Park,POINT (151.043648 -33.642734)
willoughby,Willoughby parkrun,Willoughby,,3,1,Artarmon Reserve,POINT (151.193171 -33.811705)
karkarook,Karkarook parkrun,Karkarook,,3,1,Karkarook Park,POINT (145.086858 -37.940079)
nepeanriver,Nepean River parkrun,Nepean River,,3,1,Penrith,POINT (150.679885 -33.760087)
kamay,Kamay parkrun,Kamay,,3,1,Yarra Bay Beach,POINT (151.229992 -33.97993)
forster,Forster parkrun,Forster,,3,1,Forster,POINT (152.519554 -32.180174)
cohuna,Cohuna parkrun,Cohuna,,3,1,Cohuna,POINT (144.223054 -35.809232)
rootyhill,Rooty Hill parkrun,Rooty Hill,,3,1,Blacktown Football Park,POINT (150.868394 -33.783724)
underwoodpark,Underwood Park parkrun,Underwood Park,,3,1,Underwood Park,POINT (153.147211 -27.598691)
portfairy,Port Fairy parkrun,Port Fairy,,3,1,Russell Clark Reserve,POINT (142.229977 -38.389932)
tannumsands,Tannum Sands parkrun,Tannum Sands,,3,1,Canoe Point Park,POINT (151.364976 -23.93798)
mullummullum,Mullum Mullum parkrun,Mullum Mullum,,3,1,"Schwerkolt Cottage, Mitcham",POINT (145.21251 -37.811673)
lithgow,Lithgow parkrun,Lithgow,,3,1,Lithgow Pony Club,POINT (150.151201 -33.494173)
wondai,Wondai parkrun,Wondai,,3,1,Wondai,POINT (151.872411 -26.318523)
whiterock,White Rock parkrun,White Rock,,3,1,White Rock,POINT (152.849745 -27.676652)
newborough,Newborough parkrun,Newborough,,3,1,Moe Botanic Garden,POINT (146.270714 -38.178663)
darebin,Darebin parkrun,Darebin,,3,1,C T Barling Reserve,POINT (145.034293 -37.721239)
bundaberg,Bundaberg parkrun,Bundaberg,,3,1,Queens Park,POINT (152.330781 -24.86835)
calleya,Calleya parkrun,Calleya,,3,1,Treeby,POINT (115.876176 -32.126604)
ararat,Ararat parkrun,Ararat,,3,1,Alexandra Gardens,POINT (142.928756 -37.279712)
georgetown,George Town parkrun,George Town,,3,1,Kanamaluka trail,POINT (146.821208 -41.109186)
echucamoama,Echuca Moama parkrun,Echuca Moama,,3,1,Lions Park,POINT (144.739213 -36.139104)
applecross,Applecross parkrun,Applecross,,3,1,Jeff Joseph Reserve,POINT (115.834885 -32.006932)
timboon,Timboon parkrun,Timboon,,3,1,Timboon,POINT (142.977527 -38.483074)
ballinacoast,Ballina Coast parkrun,Ballina Coast,,3,1,Ballina,POINT (153.576356 -28.869637)
mountbeauty,Mount Beauty parkrun,Mount Beauty,,3,1,Mount Beauty,POINT (147.174015 -36.736278)
redlandbay,Redland Bay parkrun,Redland Bay,,3,1,Sel Outridge Park,POINT (153.307539 -27.614582)
mansfieldqld,"Mansfield parkrun, Queensland",Mansfield QLD,,3,1,Tillack Park,POINT (153.101744 -27.522987)
dollspoint,Dolls Point parkrun,Dolls Point,,3,1,Peter Depena Reserve,POINT (151.144928 -33.995775)
mernda,Mernda parkrun,Mernda,,3,1,Mernda Adventure Park,POINT (145.100493 -37.593706)
cleland,Cleland parkrun,Cleland,,3,1,Cleland Conservation Park,POINT (138.698602 -34.964185)
greenbank,Greenbank parkrun,Greenbank,,3,1,Spring Mountain Reserve,POINT (152.922846 -27.739202)
aldingabeach,Aldinga Beach parkrun,Aldinga Beach,,3,1,The Esplanade,POINT (138.444983 -35.287768)
nuriootpa,Nuriootpa parkrun,Nuriootpa,,3,1,"Coulthard Reserve, Nuriootpa",POINT (139.006952 -34.466685)
portlincoln,Port Lincoln parkrun,Port Lincoln,,3,1,Port Lincoln,POINT (135.860614 -34.720803)
newportlakes,Newport Lakes parkrun,Newport Lakes,,3,1,Newport Lakes Reserve,POINT (144.870716 -37.840109)
carisbrooke,Carisbrooke parkrun,Carisbrooke,,3,1,Carisbrooke Park,POINT (138.677757 -34.754627)
oakey,Oakey parkrun,Oakey,,3,1,Oakey Park,POINT (151.720815 -27.429333)
bannockburnbush,Bannockburn Bush parkrun,Bannockburn Bush,,3,1,Bannockburn,POINT (144.142907 -38.063066)
portarlington,Portarlington parkrun,Portarlington,,3,1,The Esplanade,POINT (144.654211 -38.113934)
kangarooisland,Kangaroo Island parkrun,Kangaroo Island,,3,1,Kingscote,POINT (137.640473 -35.655848)
windsorprecinct,Windsor Precinct parkrun,Windsor Precinct,,3,1,Windsor Precinct,POINT (147.095454 -41.403535)
railton,Railton parkrun,Railton,,3,1,Lions Park,POINT (146.424482 -41.347581)
porthedland,Port Hedland parkrun,Port Hedland,,3,1,Civic Centre Gardens,POINT (118.613332 -20.307149)
sunbury,Sunbury parkrun,Sunbury,,3,1,Apex Park,POINT (144.739936 -37.580542)
whitfordsnodes,Whitfords Nodes parkrun,Whitfords Nodes,,3,1,Whitfords Nodes Park,POINT (115.73696 -31.817129)
cloncurry,Cloncurry parkrun,Cloncurry,,3,1,Mary K Park,POINT (140.519814 -20.70873)
reynellaeast,Reynella East parkrun,Reynella East,,3,1,The Wetlands,POINT (138.558626 -35.088747)
lota,Lota parkrun,Lota,,3,1,Lota Camping Reserve,POINT (153.193225 -27.468558)
eastrichmond,East Richmond parkrun,East Richmond,,3,1,Ham Common Bicentenary Park,POINT (150.774321 -33.604814)
marriottwaters,Marriott Waters parkrun,Marriott Waters,,3,1,Marriott Waters Reserve,POINT (145.249088 -38.072157)
miles,Miles parkrun,Miles,,3,1,Moraby Park,POINT (150.180284 -26.656701)
stgeorge,St George parkrun,St George,,3,1,St George,POINT (148.568244 -28.044422)
koonwarra,Koonwarra parkrun,Koonwarra,,3,1,The Great Southern Rail Trail,POINT (145.947772 -38.547585)
northharbour,North Harbour parkrun,North Harbour,,3,1,North Harbour Heritage Park,POINT (152.998427 -27.106368)
margaretriver,Margaret River parkrun,Margaret River,,3,1,Rotary Park,POINT (115.074331 -33.944257)
yokine,Yokine parkrun,Yokine,,3,1,Yokine Reserve,POINT (115.86113 -31.911504)
sanremo,San Remo parkrun,San Remo,,3,1,Edgewater Park,POINT (151.530089 -33.229509)
queensdomain,Queens Domain parkrun,Queens Domain,,3,1,Queens Domain,POINT (147.31775 -42.863822)
gardinerscreek,Gardiners Creek parkrun,Gardiners Creek,,3,1,Gardiners Creek Reserve,POINT (145.114787 -37.845344)
coombs,Coombs parkrun,Coombs,,3,1,Pearlman Street,POINT (149.047518 -35.326215)
portbroughton,Port Broughton parkrun,Port Broughton,,3,1,Port Broughton Foreshore,POINT (137.929613 -33.598731)
bright,Bright parkrun,Bright,,3,1,Mystic Plantation,POINT (146.978 -36.743803)
nhill,Nhill parkrun,Nhill,,3,1,Nhill Swamp and Wildlife Reserve,POINT (141.645653 -36.338609)
greenway,GreenWay parkrun,GreenWay,,3,1,Richard Murden Reserve,POINT (151.14457 -33.882504)
zillmere,Zillmere parkrun,Zillmere,,3,1,O‘Callaghan Park,POINT (153.041015 -27.361066)
nightcliff,Nightcliff parkrun,Nightcliff,,3,1,Rapid Creek,POINT (130.857655 -12.376205)
cardwell,Cardwell parkrun,Cardwell,,3,1,Cardwell,POINT (146.025909 -18.263036)
rosebud,Rosebud parkrun,Rosebud,,3,1,Rosebud Parade,POINT (144.905291 -38.354221)
plantation,Plantation parkrun,Plantation,,3,1,Plantation Park,POINT (147.401024 -19.584321)
kelvingrove,Kelvin Grove parkrun,Kelvin Grove,,3,1,Bishop Street Park,POINT (153.009807 -27.441334)
largsbay,Largs Bay parkrun,Largs Bay,,3,1,Largs Bay,POINT (138.485654 -34.825832)
moana,Moana parkrun,Moana,,3,1,Moana Surf Life Saving Club,POINT (138.470913 -35.197847)
bellerive,Bellerive parkrun,Bellerive,,3,1,Bellerive Beach Park,POINT (147.37175 -42.878181)
aplinsweir,Aplins Weir parkrun,Aplins Weir,,3,1,Aplins Weir,POINT (146.782361 -19.302328)
southtoowoomba,South Toowoomba parkrun,South Toowoomba,,3,1,Middle Ridge Park,POINT (151.956346 -27.594604)
edithburgh,Edithburgh parkrun,Edithburgh,,3,1,Edithburgh Tidal Pool,POINT (137.747177 -35.080717)
wanneroo,Wanneroo parkrun,Wanneroo,,3,1,Opportunity Park,POINT (115.793187 -31.751242)
wildflower,Wildflower parkrun,Wildflower,,3,1,Ku-ring-gai Wildflower Garden,POINT (151.177321 -33.705633)
picton,Picton parkrun,Picton,,3,1,Picton Botanic Gardens Bike Track,POINT (150.610264 -34.16566)
goolwa,Goolwa parkrun,Goolwa,,3,1,Richard Ballard Park,POINT (138.789448 -35.499385)
burnie,Burnie parkrun,Burnie,,3,1,Burnie Foreshore,POINT (145.905 -41.049194)
mountainslie,Mount Ainslie parkrun,Mount Ainslie,,3,1,Remembrance Nature Park,POINT (149.152038 -35.278828)
oceanview,Ocean View parkrun,Ocean View,,3,1,Ocean View Estates,POINT (152.802517 -27.121296)
burswoodpeninsula,Burswood Peninsula parkrun,Burswood Peninsula,,3,1,Burswood Peninsular,POINT (115.887561 -31.95306)
cobar,Cobar parkrun,Cobar,,3,1,Newey Reserve,POINT (145.831405 -31.509832)
portsorell,Port Sorell parkrun,Port Sorell,,3,1,Port Sorell Surf Lifesaving Club,POINT (146.541641 -41.151526)
euroa,Euroa parkrun,Euroa,,3,1,Sevens Creek Park,POINT (145.573825 -36.752767)
northsydney,North Sydney parkrun,North Sydney,,3,1,St Leonards Park,POINT (151.211772 -33.830396)
jubileeway,Jubilee Way parkrun,Jubilee Way,,3,1,Jubilee Community Centre,POINT (138.69439 -34.806102)
westerfolds-juniors,Westerfolds junior parkrun,Westerfolds juniors,Westerfolds junior parkrun,3,2,Westerfolds Park,POINT (145.13425 -37.74439)
woywoy,Woy Woy parkrun,Woy Woy,,3,1,Lions Park,POINT (151.336038 -33.484787)
jindabyne,Jindabyne parkrun,Jindabyne,,3,1,Banjo Paterson Park,POINT (148.625881 -36.41565)
mounthelena,Mount Helena parkrun,Mount Helena,,3,1,Railway Reserves Heritage Trail,POINT (116.208462 -31.879999)
willow,Willow parkrun,Willow,,3,1,Willow Park,POINT (146.874752 -36.136018)
geeveston,Geeveston parkrun,Geeveston,,3,1,"Heritage Park,",POINT (146.925685 -43.163256)
cormorantbay,Cormorant Bay parkrun,Cormorant Bay,,3,1,Cormorant Bay Recreational Reserve,POINT (152.622246 -27.401736)
pallara,Pallara parkrun,Pallara,,3,1,Brookbent Road Park,POINT (153.011071 -27.609314)
mudjimbabeach,Mudjimba Beach parkrun,Mudjimba Beach,,3,1,Cnr Mudjimba Beach Esplanade and Mudjimb,POINT (153.100818 -26.615149)
easterngardens,Eastern Gardens parkrun,Eastern Gardens,,3,1,Eastern Park,POINT (144.378578 -38.147322)
meningie,Meningie parkrun,Meningie,,3,1,248 Esplanade,POINT (139.338438 -35.68627)
pakapakanthi,Pakapakanthi parkrun,Pakapakanthi,,3,1,Pakapakanthi/Victoria Park,POINT (138.617578 -34.928906)
shipwreck,Shipwreck parkrun,Shipwreck,,3,1,Shipwreck Park,POINT (115.977875 -32.162855)
tamworthwetlands,Tamworth Wetlands parkrun,Tamworth Wetlands,,3,1,Tamworth Wetlands,POINT (115.812074 -32.33239)
wimmerariverhorsham,"Wimmera River parkrun, Horsham","Wimmera River, Horsham",,3,1,Sawyer Park,POINT (142.202555 -36.722724)
montroseforeshore,Montrose Foreshore parkrun,Montrose Foreshore,,3,1,Montrose Foreshore Community Park,POINT (147.269908 -42.8227)
seacliffesplanade,Seacliff Esplanade parkrun,Seacliff Esplanade,,3,1,248 Esplanade,POINT (138.516667 -35.035682)
stebonheath,Stebonheath parkrun,Stebonheath,,3,1,Stebonheath Park,POINT (138.66393 -34.676285)
braidwoodshowground,Braidwood Showground parkrun,Braidwood Showground,,3,1,Braidwood Showground,POINT (149.791222 -35.422759)
charlestonsouthaustralia,"Charleston parkrun, South Australia","Charleston, South Australia",,3,1,Amy Gillett Trail,POINT (138.903161 -34.916841)
cowpasturereservecamden,"Cowpasture Reserve parkrun, Camden","Cowpasture Reserve, Camden",,3,1,Nepean River Cycleway,POINT (150.700727 -34.053665)
perrylakes,Perry Lakes parkrun,Perry Lakes,,3,1,Perry Lakes Reserve,POINT (115.784168 -31.945635)
horseshoebayreserve,Horseshoe Bay Reserve parkrun,Horseshoe Bay Reserve,,3,1,Horseshoe Bay Reserve,POINT (153.042179 -30.883931)
centennial,Centennial parkrun,Centennial,,3,1,Centennial Park,POINT (151.228564 -33.898808)
bourkeracecourse,Bourke Racecourse parkrun,Bourke Racecourse,,3,1,Bourke Racecourse,POINT (145.92572 -30.09756)
victoryheightstrail,Victory Heights Trail parkrun,Victory Heights Trail,,3,1,Victory Heights Recreational Trails,POINT (152.680084 -26.171845)
baringa,Baringa parkrun,Baringa,,3,1,Baringa Sports Grounds,POINT (153.080945 -26.806829)
kmreedyreserve,KM Reedy Reserve parkrun,KM Reedy Reserve,,3,1,KM Reedy Reserve,POINT (145.251726 -38.021647)
narrominewetlands,Narromine Wetlands parkrun,Narromine Wetlands,,3,1,Narromine Wetlands,POINT (148.236598 -32.246949)
yowie,Yowie parkrun,Yowie,,3,1,Yowie Park,POINT (152.562585 -26.947949)
milduraweir,Mildura Weir parkrun,Mildura Weir,,3,1,Mildura Weir - Lock 11,POINT (142.162215 -34.175887)
grahamandrews,Graham Andrews parkrun,Graham Andrews,,3,1,Graham Andrews Parkland,POINT (146.244782 -26.412576)
naracoortelake,Naracoorte Lake parkrun,Naracoorte Lake,,3,1,Naracoorte Swimming Lake,POINT (140.741843 -36.949411)
glasshousemountainsconservation,Glass House Mountains Conservation parkrun,Glass House Mountains Conservation,,3,1,Glass House Mountains Conservation Park,POINT (152.823678 -26.986817)
birdslandreserve,Birdsland Reserve parkrun,Birdsland Reserve,,3,1,Birdsland Reserve,POINT (145.335724 -37.923408)
yeldulknieweirtrail,Yeldulknie Weir Trail parkrun,Yeldulknie Weir Trail,,3,1,Yeldulknie Weir Trail,POINT (136.50305 -33.70206)
grandridgerailtrail,"Grand Ridge Rail Trail parkrun, Mirboo North",Grand Ridge Rail Trail,,3,1,Grand Ridge Rail Trail,POINT (146.16502 -38.400561)
shiraztrail,Shiraz Trail parkrun,Shiraz Trail,,3,1,The Shiraz Trail,POINT (138.547611 -35.217671)
whitemarkwharf,Whitemark Wharf parkrun,Whitemark Wharf,,3,1,Whitemark Wharf,POINT (148.013824 -40.121659)
queenelizabethcasino,"Queen Elizabeth parkrun, Casino","Queen Elizabeth, Casino",,3,1,Queen Elizabeth Park,POINT (153.051164 -28.867591)
charleyscreek,Charleys Creek parkrun,Charleys Creek,,3,1,Rotary Park,POINT (150.623683 -26.736553)
marina,Marina parkrun,Marina,,3,1,Marina Park,POINT (114.613067 -28.763698)
collierivertrail,Collie River Trail parkrun,Collie River Trail,,3,1,Collie River Trail,POINT (116.156872 -33.357664)
brokenhillracecourse,Broken Hill Racecourse parkrun,Broken Hill Racecourse,,3,1,Broken Hill Racecourse,POINT (141.483931 -31.911528)
harrisavenue,Harris Avenue parkrun,Harris Avenue,,3,1,Harris Avenue Sports Centre,POINT (152.94537 -27.171876)
werringtonlakesreserve,Werrington Lakes Reserve parkrun,Werrington Lakes Reserve,,3,1,Werrington Lakes Reserve,POINT (150.738658 -33.755343)
kingstonpark,Kingston Park parkrun,Kingston Park,,3,1,Kingston Park,POINT (147.309649 -42.972838)
riverbank,Riverbank parkrun,Riverbank,,3,1,Riverbank Park,POINT (148.909794 -34.838474)
berwickwaters,Berwick Waters parkrun,Berwick Waters,,3,1,Berwick Waters Playground,POINT (145.342965 -38.078218)
rosgregortrail,Ros Gregor Trail parkrun,Ros Gregor Trail,,3,1,Ros Gregor Trail,POINT (151.993762 -26.681999)
wagibridge,Wagi Bridge parkrun,Wagi Bridge,,3,1,Wagi Bridge,POINT (149.123403 -35.161135)
kadinatrail,Kadina Trail parkrun,Kadina Trail,,3,1,Kadina Trail,POINT (116.026041 -31.92623)
campaspe,Campaspe parkrun,Campaspe,,3,1,Campaspe Park,POINT (144.531445 -37.354683)
goldfieldsreservoir,Goldfields Reservoir parkrun,Goldfields Reservoir,,3,1,Goldfields Reservoir,POINT (143.731855 -37.065018)
benallabotanicalgardens,Benalla Botanical Gardens parkrun,Benalla Botanical Gardens,,3,1,Benalla Botanical Gardens,POINT (145.977439 -36.553856)
aurora,Aurora parkrun,Aurora,,3,1,Aurora Town Centre Park,POINT (145.00465 -37.622365)
mundyregional,Mundy Regional parkrun,Mundy Regional,,3,1,Mundy Regional Park,POINT (116.035959 -31.96618)
wallabytrack,Wallaby Track parkrun,Wallaby Track,,3,1,Wallaby Track,POINT (143.898319 -37.552061)
kerangregional,Kerang Regional parkrun,Kerang Regional,,3,1,Kerang Regional Park,POINT (143.908707 -35.730934)
gloucesterdistrict,Gloucester District parkrun,Gloucester District,,3,1,Gloucester District Park,POINT (151.953594 -32.00456)
edinburghoval,Edinburgh Oval parkrun,Edinburgh Oval,,3,1,Edinburgh Oval Park,POINT (115.891775 -32.003668)
warringalparklands,Warringal Parklands parkrun,Warringal Parklands,,3,1,Warringal Parklands,POINT (145.074478 -37.755246)
dandenong,Dandenong parkrun,Dandenong,,3,1,Dandenong Park,POINT (145.215644 -37.991139)
bendigobotanicgardens,Bendigo Botanic Gardens parkrun,Bendigo Botanic Gardens,,3,1,Bendigo Botanic Gardens,POINT (144.305636 -36.725618)
walcha,Walcha parkrun,Walcha,,3,1,Corner of Hill Street and Middle Street,POINT (151.597579 -30.981818)
peppertree,Peppertree parkrun,Peppertree,,3,1,Peppertree Park,POINT (144.432973 -37.68168)
cyrilcurtainreserve,Cyril Curtain Reserve parkrun,Cyril Curtain Reserve,,3,1,Cyril Curtain Reserve,POINT (144.902847 -37.872231)
ourpark,Our Park parkrun,Our Park,,3,1,Our Park,POINT (147.876873 -42.559297)
katereed,Kate Reed parkrun,Kate Reed,,3,1,Kate Reed Recreation Area,POINT (147.138035 -41.47567)
tedscobieoval,Ted Scobie Oval parkrun,Ted Scobie Oval,,3,1,Ted Scobie Oval,POINT (146.074443 -34.273904)
pioneerdairy,Pioneer Dairy parkrun,Pioneer Dairy,,3,1,Pioneer Dairy,POINT (151.427968 -33.29805)
eynesburyheritagetrail-juniors,Eynesbury Heritage Trail junior parkrun,Eynesbury Heritage Trail juniors,,3,2,Eynesbury Heritage Trail,POINT (144.564012 -37.787396)
casulaparklands,Casula Parklands parkrun,Casula Parklands,,3,1,Casula Parklands,POINT (150.91369 -33.948703)
centenary,Centenary parkrun,Centenary,,3,1,Centenary Park,POINT (147.642912 -22.81841)
lakebogaforeshore,Lake Boga Foreshore parkrun,Lake Boga Foreshore,,3,1,Lake Boga Foreshore,POINT (143.628251 -35.45108)
thorndon-juniors,Thorndon junior parkrun,Thorndon juniors,,3,2,Thorndon Park,POINT (138.690985 -34.874224)
northparkesoval,Northparkes Oval parkrun,Northparkes Oval,,3,1,Northparkes Oval,POINT (148.18147 -33.126723)
waterlooplains,Waterloo Plains parkrun,Waterloo Plains,,3,1,Waterloo Plains Environmental Park,POINT (149.958153 -26.11661)
sskoopatrail,S.S. Koopa Trail parkrun,S.S. Koopa Trail,,3,1,Bribie Island Lions Park,POINT (153.145072 -27.065817)
oldthomsonriverroad,Old Thomson River Road parkrun,Old Thomson River Road,,3,1,Old Thomson River Road,POINT (144.243624 -23.436746)
garveypark,Garvey Park parkrun,Garvey Park,,3,1,Garvey Park,POINT (115.941181 -31.922558)
malenytrail,Maleny Trail parkrun,Maleny Trail,,3,1,Maleny Trail,POINT (152.860806 -26.760218)
gayndahriverwalk,Gayndah River Walk parkrun,Gayndah River Walk,,3,1,Gayndah River Walk,POINT (151.611063 -25.624063)
louishamonpark,Louis Hamon Park parkrun,Louis Hamon Park,,3,1,Louis Hamon Park,POINT (145.442706 -36.094049)
pembroke,Pembroke parkrun,Pembroke,,3,1,Pembroke Park,POINT (147.558066 -42.780686)
cascadesonclydewetlands,Cascades on Clyde Wetlands parkrun,Cascades on Clyde Wetlands,,3,1,Cascades on Clyde Wetlands,POINT (145.325835 -38.100383)
bellevuepark-juniors,Bellevue Park junior parkrun,Bellevue Park juniors,,3,2,Bellevue Park State School,POINT (153.396886 -27.994529)
whalanreserve,Whalan Reserve parkrun,Whalan Reserve,,3,1,Whalan Reserve,POINT (150.79587 -33.75943)
avondaleuniversitycollege,Avondale University College parkrun,Avondale University College,,3,1,Avondale University College,POINT (151.463247 -33.088354)
henrykendallreserve,Henry Kendall Reserve parkrun,Henry Kendall Reserve,,3,1,Henry Kendall Reserve,POINT (152.794806 -31.636004)
desconnorpark-juniors,Des Connor Park junior parkrun,Des Connor Park juniors,,3,2,Des Connor Park,POINT (152.978964 -27.441892)
leetonsportandrecreationprecinct,Leeton Sport and Recreation Precinct parkrun,Leeton Sport and Recreation Precinct,,3,1,Leeton Sport and Recreation Precinct,POINT (146.411376 -34.556093)
ovensrivertrail,Ovens River Trail parkrun,Ovens River Trail,,3,1,Ovens River Trail,POINT (146.711688 -36.555094)
hamptonoval,Hampton Oval parkrun,Hampton Oval,,3,1,Hampton Oval,POINT (116.70334 -20.666182)
southparareservoir,South Para Reservoir parkrun,South Para Reservoir,,3,1,South Para Reservoir,POINT (138.877987 -34.683829)
theavenues,The Avenues parkrun,The Avenues,,3,1,The Avenues,POINT (138.709337 -35.209252)
bayviewroad,Bayview Road parkrun,Bayview Road,,3,1,Bayview Road,POINT (116.806181 -20.729535)
dorsetrecreationreserve,Dorset Recreation Reserve parkrun,Dorset Recreation Reserve,,3,1,Dorset Recreation Reserve,POINT (145.29128 -37.805244)
eccoripley,Ecco Ripley parkrun,Ecco Ripley,,3,1,Ecco Ripley,POINT (152.80014 -27.681056)
mcleanbeach,McLean Beach parkrun,McLean Beach,,3,1,McLean Beach,POINT (144.959987 -35.519255)
patawalongariver,Patawalonga River parkrun,Patawalonga River,,3,1,Anderson Avenue,POINT (138.516116 -34.963603)
nathaliashowgrounds,Nathalia Showgrounds parkrun,Nathalia Showgrounds,,3,1,Nathalia Showgrounds and Recreation Reserve,POINT (145.211172 -36.053066)
nathanroadsportsground,Nathan Road Sports Ground parkrun,Nathan Road Sports Ground,,3,1,Nathan Road Sports Ground,POINT (153.073387 -27.211218)
homestead,Homestead parkrun,Homestead,,3,1,Homestead,POINT (115.970386 -32.053807)
chaffeypark,Chaffey Park parkrun,Chaffey Park,,3,1,Chaffey Park,POINT (150.73018 -30.743124)
railwaypark,Railway Park parkrun,Railway Park,,3,1,Railway Park,POINT (151.600195 -26.164413)
fodderforest,Fodder Forest parkrun,Fodder Forest,,3,1,Fodder Forest,POINT (153.293958 -27.583123)
glenoma,Glenoma parkrun,Glenoma,,3,1,Glenoma Park,POINT (145.708784 -16.899012)
ansteyhillrecreation,Anstey Hill Recreation parkrun,Anstey Hill Recreation,,3,1,Anstey Hill Recreation,POINT (138.728048 -34.825885)
wentworthcommon,Wentworth Common parkrun,Wentworth Common,,3,1,Wentworth Common,POINT (151.075107 -33.837954)
coppertrail,Copper Trail parkrun,Copper Trail,,3,1,Copper Trail,POINT (137.667378 -33.95397)
southbeachrecreationreserve,South Beach Recreation Reserve parkrun,South Beach Recreation Reserve,,3,1,South Beach Recreation Reserve,POINT (115.752554 -32.07687)
frankstonnatureconservationres,Frankston Nature Conservation Reserve parkrun,Frankston Nature Conservation Reserve,,3,1,Frankston Nature Conservation Reserve,POINT (145.12985 -38.17212)
oaklandsestatereserve,Oaklands Estate Reserve parkrun,Oaklands Estate Reserve,,3,1,Oaklands Estate Reserve,POINT (138.548072 -34.999482)
jamestowngolfcourse,Jamestown Golf Course parkrun,Jamestown Golf Course,,3,1,Jamestown Golf Course,POINT (138.561957 -33.228546)
lewisparkreserve,Lewis Park Reserve parkrun,Lewis Park Reserve,,3,1,Lewis Park Reserve,POINT (145.248705 -37.86738)
warrandyteriverreserve,Warrandyte River Reserve parkrun,Warrandyte River Reserve,,3,1,Warrandyte River Reserve,POINT (145.219969 -37.73646)
jarrahdaleheritage,Jarrahdale Heritage parkrun,Jarrahdale Heritage,,3,1,Jarrahdale Heritage Park,POINT (116.058618 -32.33521)
panboolawetlands,Panboola Wetlands parkrun,Panboola Wetlands,,3,1,Panboola Wetlands,POINT (149.876361 -36.932932)
charterstowersairport,Charters Towers Airport parkrun,Charters Towers Airport,,3,1,Charters Towers Airport,POINT (146.273413 -20.044688)
karoolapark,Karoola Park parkrun,Karoola Park,,3,1,Karoola Park,POINT (150.895351 -32.255338)
lakeclaremont,Lake Claremont parkrun,Lake Claremont,,3,1,Lake Claremont,POINT (115.779507 -31.97481)
mypongareservoir,Myponga Reservoir parkrun,Myponga Reservoir,,3,1,Myponga Reservoir,POINT (138.452385 -35.394655)
elliottheadsbeach,Elliott Heads Beach parkrun,Elliott Heads Beach,,3,1,Elliott Heads Beach,POINT (152.491565 -24.92193)
kirkdalereserve,Kirkdale Reserve parkrun,Kirkdale Reserve,,3,1,Kirkdale Reserve,POINT (144.983855 -37.770512)
southernhighlandsbotanicgardens,Southern Highlands Botanic Gardens parkrun,Southern Highlands Botanic Gardens,,3,1,Southern Highlands Botanic Gardens,POINT (150.430717 -34.499624)
frankkeenanreserve,Frank Keenan Reserve parkrun,Frank Keenan Reserve,,3,1,Frank Keenan Reserve,POINT (146.02204 -36.002211)
bellsparade,Bells Parade parkrun,Bells Parade,,3,1,Bells Parade,POINT (146.401326 -41.228831)
umbagongdistrict,Umbagong District parkrun,Umbagong District,,3,1,Umbagong District Park,POINT (149.020531 -35.218922)
nantuwama,Nantu Wama parkrun,Nantu Wama,,3,1,Nantu Wama/Lefevre Park,POINT (138.600665 -34.905183)
westburytowncommon,Westbury Town Common parkrun,Westbury Town Common,,3,1,Westbury Town Common,POINT (146.825856 -41.528688)
universityofwesternaustralia,University of Western Australia parkrun,University of Western Australia,,3,1,University of Western Australia (Crawley Campus),POINT (115.819132 -31.977596)
beaufortlake,Beaufort Lake parkrun,Beaufort Lake,,3,1,Beaufort Lake,POINT (143.382552 -37.439405)
jerrabomberramountainreserve,Jerrabomberra Mountain Reserve parkrun,Jerrabomberra Mountain Reserve,,3,1,Jerrabomberra Mountain Reserve,POINT (149.20315 -35.376524)
tynwaldpark,Tynwald Park parkrun,Tynwald Park,,3,1,Tynwald Park,POINT (147.071624 -42.776331)
nolenspark,Nolen’s Park parkrun,Nolen’s Park,,3,1,Nolen’s Park,POINT (143.727281 -36.117426)
robelledomain,Robelle Domain parkrun,Robelle Domain,,3,1,Robelle Domain,POINT (152.903883 -27.680012)
memorialpark,Memorial Park parkrun,Memorial Park,,3,1,Memorial Park,POINT (138.005566 -33.179621)
cooberpedyoval,Coober Pedy Oval parkrun,Coober Pedy Oval,,3,1,Coober Pedy Oval,POINT (134.754566 -29.018468)
princeofwales,Prince of Wales parkrun,Prince of Wales,,3,1,Prince of Wales Park,POINT (143.816194 -37.548659)
scribblygumsconservation,Scribbly Gums Conservation parkrun,Scribbly Gums Conservation,,3,1,Scribbly Gums Conservation Area,POINT (153.235428 -27.52964)
baxter,Baxter parkrun,Baxter,,3,1,Baxter Park,POINT (113.654841 -24.891447)
jurienbayforeshore,Jurien Bay Foreshore parkrun,Jurien Bay Foreshore,,3,1,Jurien Bay Foreshore,POINT (115.037533 -30.302452)
picnicpointparklands,Picnic Point Parklands parkrun,Picnic Point Parklands,,3,1,Picnic Point Parklands,POINT (151.986016 -27.578938)
lakewallace,Lake Wallace parkrun,Lake Wallace,,3,1,Lake Wallace,POINT (141.295153 -37.033988)
australianstandingstones,Australian Standing Stones parkrun,Australian Standing Stones,,3,1,Australian Standing Stones,POINT (151.752481 -29.741602)
calembeen,Calembeen parkrun,Calembeen,,3,1,Calembeen Park,POINT (143.889512 -37.419365)
brisbanevalleyrailtrail,"Brisbane Valley Rail Trail parkrun, Blackbutt",Brisbane Valley Rail Trail,,3,1,Brisbane Valley Rail Trail,POINT (152.102115 -26.882628)
pointhutpond,Point Hut Pond parkrun,Point Hut Pond,,3,1,Point Hut Pond District Park,POINT (149.084343 -35.454104)
mariacreekreserve,Maria Creek Reserve parkrun,Maria Creek Reserve,,3,1,Maria Creek Reserve,POINT (139.850911 -36.82741)
newcastlepark,Newcastle Park parkrun,Newcastle Park,,3,1,Newcastle Park,POINT (116.470403 -31.55064)
oconnorsbeach,O’Connors Beach parkrun,O’Connors Beach,,3,1,O’Connors Beach,POINT (148.274083 -41.338567)
yackandandahrailtrail,Yackandandah Rail Trail parkrun,Yackandandah Rail Trail,,3,1,Yackandandah Rail Trail,POINT (146.838391 -36.316082)
parkindulareserve,Parkindula Reserve parkrun,Parkindula Reserve,,3,1,Parkindula Reserve,POINT (138.867671 -35.090709)
tallangattastation,Tallangatta Station parkrun,Tallangatta Station,,3,1,Tallangatta Station,POINT (147.178437 -36.218537)
dixonfield,Dixon Field parkrun,Dixon Field,,3,1,Dixon Field,POINT (144.584456 -37.483912)
woodlandshistoricpark,Woodlands Historic Park parkrun,Woodlands Historic Park,,3,1,Woodlands Historic Park,POINT (144.843618 -37.640182)
kilmoreracecoursewalkingtrack,Kilmore Racecourse Walking Track parkrun,Kilmore Racecourse Walking Track,,3,1,Kilmore Racecourse Walking Track,POINT (144.960419 -37.288433)
maroondahdam,Maroondah Dam parkrun,Maroondah Dam,,3,1,Maroondah Dam,POINT (145.552323 -37.642875)
naroomawetlands,Narooma Wetlands parkrun,Narooma Wetlands,,3,1,Narooma Wetlands,POINT (139.293059 -35.12956)
townbeach,Town Beach parkrun,Town Beach,,3,1,Town Beach,POINT (122.237403 -17.968407)
wesmitchellpark,Wes Mitchell Park parkrun,Wes Mitchell Park,,3,1,Wes Mitchell Park,POINT (153.006603 -25.915262)
harmonyboulevard,Harmony Boulevard parkrun,Harmony Boulevard,,3,1,Harmony Boulevard Park,POINT (153.059891 -26.738409)
jakespoint,Jakes Point parkrun,Jakes Point,,3,1,Jakes Point Lookout,POINT (114.15228 -27.733275)
wilsoninletheritagetrail,Wilson Inlet Heritage Trail parkrun,Wilson Inlet Heritage Trail,,3,1,Wilson Inlet Heritage Trail,POINT (117.366188 -34.968285)
goulburnrivertrailseymour,"Goulburn River Trail parkrun, Seymour","Goulburn River Trail, Seymour",,3,1,"Goulburn River Trail, Seymour",POINT (145.124768 -37.018279)
tworiverswines,Two Rivers Wines parkrun,Two Rivers Wines,,3,1,Two Rivers Wines,POINT (150.677378 -32.404772)
dhunggaarrreserve,Dhunggaarr Reserve parkrun,Dhunggaarr Reserve,,3,1,Dhunggaarr Reserve,POINT (152.654475 -31.885091)
katherinehotsprings,Katherine Hot Springs parkrun,Katherine Hot Springs,,3,1,Katherine Hot Springs,POINT (132.254944 -14.482484)
centennialparkdunsborough,"Centennial Park parkrun, Dunsborough","Centennial Park, Dunsborough",,3,1,"Centennial Park, Dunsborough",POINT (115.112646 -33.615733)
belairnationalpark,Belair National Park parkrun,Belair National Park,,3,1,Belair National Park,POINT (138.636344 -35.011616)
palmcreek,Palm Creek parkrun,Palm Creek,,3,1,Palm Creek,POINT (146.161677 -18.651491)
trebeckreserve,Trebeck Reserve parkrun,Trebeck Reserve,,3,1,Trebeck Reserve,POINT (143.988093 -38.233939)
ballpark,Ball Park parkrun,Ball Park,,3,1,Ball Park,POINT (146.393936 -36.000667)
zeehangolfclub,Zeehan Golf Club parkrun,Zeehan Golf Club,,3,1,Zeehan Golf Club,POINT (145.322678 -41.889891)
capestonelake,Capestone Lake parkrun,Capestone Lake,,3,1,Capestone Lake,POINT (153.039406 -27.233548)
whyallaforeshore,Whyalla Foreshore parkrun,Whyalla Foreshore,,3,1,Whyalla Foreshore,POINT (137.585902 -33.040603)
ridleyplaceforeshore,Ridley Place Foreshore parkrun,Ridley Place Foreshore,,3,1,Ridley Place Foreshore,POINT (115.714384 -33.275814)
esperanceforeshore,Esperance Foreshore parkrun,Esperance Foreshore,,3,1,Esperance Foreshore,POINT (121.893784 -33.863295)
jubileetenterfield,"Jubilee parkrun, Tenterfield","Jubilee, Tenterfield",,3,1,"Jubilee, Tenterfield",POINT (152.01537 -29.054042)
jeunepark,Jeune Park parkrun,Jeune Park,,3,1,Jeune Park,POINT (152.992548 -27.993368)
rexjacksonoval,Rex Jackson Oval parkrun,Rex Jackson Oval,,3,1,Rex Jackson Oval,POINT (150.981697 -34.188779)
nagambielake,Nagambie Lake parkrun,Nagambie Lake,,3,1,Nagambie Lake,POINT (145.148185 -36.786149)
bungendorecommon,Bungendore Common parkrun,Bungendore Common,,3,1,Bungendore Common,POINT (149.446987 -35.250379)
greatsouthernrailtrailkorumburra,"Great Southern Rail Trail parkrun, Korumburra","Great Southern Rail Trail, Korumburra",,3,1,"Great Southern Rail Trail, Korumburra",POINT (145.825156 -38.432179)
bindapark,Binda Park parkrun,Binda Park,,3,1,Binda Park,POINT (148.037729 -22.004623)
aubotanicgardenmountannan,Australian Botanic Garden Mount Annan parkrun,Australian Botanic Garden Mount Annan,,3,1,Australian Botanic Garden Mount Annan,POINT (150.766217 -34.066408)
seaview,Seaview parkrun,Seaview,,3,1,Seaview,POINT (149.165504 -21.035236)
pirrama,Pirrama parkrun,Pirrama,,3,1,Pirrama,POINT (151.191857 -33.865396)
samfordparklands,Samford Parklands parkrun,Samford Parklands,,3,1,Samford Parklands,POINT (152.88284 -27.356315)
oldeskrailwaystation,Old Esk Railway Station parkrun,Old Esk Railway Station,,3,1,Old Esk Railway Station,POINT (152.41977 -27.241567)
macquarieuniversity,Macquarie University parkrun,Macquarie University,,3,1,Macquarie University,POINT (151.114271 -33.774425)
workmansbeach,Workman’s Beach parkrun,Workman’s Beach,,3,1,Workman’s Beach,POINT (151.913142 -24.211762)
emeraldlake,Emerald Lake parkrun,Emerald Lake,,3,1,Emerald Lake,POINT (145.458234 -37.930268)
galupreserve,Galup Reserve parkrun,Galup Reserve,,3,1,Galup Reserve,POINT (115.821468 -31.925038)
aintreereserve,Aintree Reserve parkrun,Aintree Reserve,,3,1,Aintree Reserve,POINT (144.673619 -37.712795)
birtinyaisland,Birtinya Island parkrun,Birtinya Island,,3,1,Birtinya Island,POINT (153.120471 -26.74229)
grahamstownaquaticcentremedowie,"Grahamstown Aquatic Centre parkrun, Medowie","Grahamstown Aquatic Centre, Medowie",,3,1,"Grahamstown Aquatic Centre, Medowie",POINT (151.822113 -32.759748)
mareebarailtrail,Mareeba Rail Trail parkrun,Mareeba Rail Trail,,3,1,Mareeba Rail Trail,POINT (145.424039 -17.010074)
sirjamesmitchell,Sir James Mitchell parkrun,Sir James Mitchell,,3,1,Sir James Mitchell,POINT (115.878401 -31.971747)
waikeriewetlands,Waikerie Wetlands parkrun,Waikerie Wetlands,,3,1,Waikerie Wetlands,POINT (139.980451 -34.174394)
suratmemorialpark,Surat Memorial Park parkrun,Surat Memorial Park,,3,1,Surat Memorial Park,POINT (149.069512 -27.150931)
dragereserve,Drage Reserve parkrun,Drage Reserve,,3,1,Drage Reserve,POINT (138.640862 -34.887194)
burrumheadsbeach,Burrum Heads Beach parkrun,Burrum Heads Beach,,3,1,Burrum Heads Beach,POINT (152.630279 -25.204584)
skyriverpath,Sky River Path parkrun,Sky River Path,,3,1,Sky River Path,POINT (149.278952 -31.271095)
merredinpeak,Merredin Peak parkrun,Merredin Peak,,3,1,Merredin Peak,POINT (118.289452 -31.470564)
gainsboroughparklands,Gainsborough Parklands parkrun,Gainsborough Parklands,,3,1,Gainsborough Parklands,POINT (153.299229 -27.812345)
hoblersbridgereserve,Hoblers Bridge Reserve parkrun,Hoblers Bridge Reserve,,3,1,Hoblers Bridge Reserve,POINT (147.170722 -41.436491)
eildonpondage,Eildon Pondage parkrun,Eildon Pondage,,3,1,Eildon Pondage,POINT (145.906145 -37.242627)
pyramidhillgolftrail,Pyramid Hill Golf Trail parkrun,Pyramid Hill Golf Trail,,3,1,Pyramid Hill Golf Trail,POINT (144.137393 -36.050871)
alicespringstelegraphstation,Alice Springs Telegraph Station parkrun,Alice Springs Telegraph Station,,3,1,Alice Springs Telegraph Station,POINT (133.887883 -23.673314)
hiddenvale,Hidden Vale parkrun,Hidden Vale,,3,1,Hidden Vale,POINT (152.46597 -27.716932)
belvedere,Belvedere parkrun,Belvedere,,3,1,Belvedere,POINT (145.155851 -38.105426)
lakemaryanntingkkarli,Lake Mary Ann Tingkkarli parkrun,Lake Mary Ann Tingkkarli,,3,1,Lake Mary Ann Tingkkarli,POINT (134.211018 -19.608546)
